{
  "0": "minecraft:ocean",
  "1": "minecraft:plains",
  "2": "minecraft:desert",
  "3": "minecraft:mountains",
  "4": "minecraft:forest",
  "5": "minecraft:taiga",
  "6": "minecraft:swamp",
  "7": "minecraft:river",
  "8": "minecraft:nether_wastes",
  "9": "minecraft:the_end",
  "10": "minecraft:frozen_ocean",
  "11": "minecraft:frozen_river",
  "12": "minecraft:snowy_tundra",
  "13": "minecraft:snowy_mountains",
  "14": "minecraft:mushroom_fields",
  "15": "minecraft:mushroom_field_shore",
  "16": "minecraft:beach",
  "17": "minecraft:desert_hills",
  "18": "minecraft:wooded_hills",
  "19": "minecraft:taiga_hills",
  "20": "minecraft:mountain_edge",
  "21": "minecraft:jungle",
  "22": "minecraft:jungle_hills",
  "23": "minecraft:jungle_edge",
  "24": "minecraft:deep_ocean",
  "25": "minecraft:stone_shore",
  "26": "minecraft:snowy_beach",
  "27": "minecraft:birch_forest",
  "28": "minecraft:birch_forest_hills",
  "29": "minecraft:dark_forest",
  "30": "minecraft:snowy_taiga",
  "31": "minecraft:snowy_taiga_hills",
  "32": "minecraft:giant_tree_taiga",
  "33": "minecraft:giant_tree_taiga_hills",
  "34": "minecraft:wooded_mountains",
  "35": "minecraft:savanna",
  "36": "minecraft:savanna_plateau",
  "37": "minecraft:badlands",
  "38": "minecraft:wooded_badlands_plateau",
  "39": "minecraft:badlands_plateau",
  "40": "minecraft:small_end_islands",
  "41": "minecraft:end_midlands",
  "42": "minecraft:end_highlands",
  "43": "minecraft:end_barrens",
  "44": "minecraft:warm_ocean",
  "45": "minecraft:lukewarm_ocean",
  "46": "minecraft:cold_ocean",
  "47": "minecraft:deep_warm_ocean",
  "48": "minecraft:deep_lukewarm_ocean",
  "49": "minecraft:deep_cold_ocean",
  "50": "minecraft:deep_frozen_ocean",
  "51": "infernalexp:glowstone_canyon",
  "52": "betternether:gravel_desert",
  "53": "betternether:nether_jungle",
  "54": "betternether:wart_forest",
  "55": "betternether:nether_grasslands",
  "56": "betternether:nether_mushroom_forest",
  "57": "betternether:nether_mushroom_forest_edge",
  "58": "betternether:wart_forest_edge",
  "59": "betternether:bone_reef",
  "60": "betternether:sulfuric_bone_reef",
  "61": "betternether:poor_nether_grasslands",
  "62": "betternether:nether_swampland",
  "63": "betternether:nether_swampland_terraces",
  "64": "betternether:magma_land",
  "65": "betternether:soul_plain",
  "66": "betternether:crimson_glowing_woods",
  "67": "betternether:old_warped_woods",
  "68": "betternether:crimson_pinewood",
  "69": "betternether:old_fungiwoods",
  "70": "betternether:flooded_deltas",
  "71": "betternether:upside_down_forest",
  "72": "betternether:old_swampland",
  "73": "betterendforge:megalake",
  "74": "betterendforge:crystal_mountains",
  "75": "betterendforge:foggy_mushroomland",
  "76": "betterendforge:dust_wastelands",
  "77": "betterendforge:chorus_forest",
  "78": "betterendforge:shadow_forest",
  "79": "betterendforge:blossoming_spires",
  "80": "betterendforge:sulphur_springs",
  "81": "betterendforge:amber_land",
  "82": "betterendforge:umbrella_jungle",
  "83": "betterendforge:glowing_grasslands",
  "84": "betterendforge:dragon_graveyards",
  "85": "betterendforge:lantern_woods",
  "86": "betterendforge:dry_shrubland",
  "87": "betterendforge:umbra_valley",
  "88": "betterendforge:ice_starfield",
  "89": "betterendforge:empty_end_cave",
  "90": "betterendforge:empty_smaragdant_cave",
  "91": "betterendforge:lush_smaragdant_cave",
  "92": "betterendforge:empty_aurora_cave",
  "93": "betterendforge:lush_aurora_cave",
  "94": "betterendforge:end_cave",
  "95": "betterendforge:jade_cave",
  "96": "betterendforge:megalake_grove",
  "97": "betterendforge:painted_mountains",
  "98": "betterendforge:neon_oasis",
  "99": "biomesoplenty:gravel_beach",
  "100": "biomesoplenty:tropic_beach",
  "101": "biomesoplenty:alps_foothills",
  "102": "biomesoplenty:redwood_forest_edge",
  "103": "biomesoplenty:volcanic_plains",
  "104": "biomesoplenty:orchard",
  "105": "biomesoplenty:bayou_mangrove",
  "106": "biomesoplenty:alps",
  "107": "biomesoplenty:bamboo_blossom_grove",
  "108": "biomesoplenty:bayou",
  "109": "biomesoplenty:burnt_forest",
  "110": "biomesoplenty:cherry_blossom_grove",
  "111": "biomesoplenty:cold_desert",
  "112": "biomesoplenty:coniferous_forest",
  "113": "biomesoplenty:coniferous_lakes",
  "114": "biomesoplenty:dead_forest",
  "115": "biomesoplenty:deep_bayou",
  "116": "biomesoplenty:dense_marsh",
  "117": "biomesoplenty:dense_woodland",
  "118": "biomesoplenty:dryland",
  "119": "biomesoplenty:dry_boneyard",
  "120": "biomesoplenty:fir_clearing",
  "121": "biomesoplenty:flower_meadow",
  "122": "biomesoplenty:fungal_field",
  "123": "biomesoplenty:fungal_jungle",
  "124": "biomesoplenty:golden_prairie",
  "125": "biomesoplenty:grassland",
  "126": "biomesoplenty:grassland_clover_patch",
  "127": "minecraft:the_void",
  "128": "biomesoplenty:grove",
  "129": "minecraft:sunflower_plains",
  "130": "minecraft:desert_lakes",
  "131": "minecraft:gravelly_mountains",
  "132": "minecraft:flower_forest",
  "133": "minecraft:taiga_mountains",
  "134": "minecraft:swamp_hills",
  "135": "biomesoplenty:grove_clearing",
  "136": "biomesoplenty:grove_lakes",
  "137": "biomesoplenty:highland",
  "138": "biomesoplenty:highland_crag",
  "139": "biomesoplenty:highland_moor",
  "140": "minecraft:ice_spikes",
  "141": "biomesoplenty:jade_cliffs",
  "142": "biomesoplenty:lavender_field",
  "143": "biomesoplenty:lavender_forest",
  "144": "biomesoplenty:lush_desert",
  "145": "biomesoplenty:lush_savanna",
  "146": "biomesoplenty:marsh",
  "147": "biomesoplenty:meadow",
  "148": "biomesoplenty:meadow_forest",
  "149": "minecraft:modified_jungle",
  "150": "biomesoplenty:muskeg",
  "151": "minecraft:modified_jungle_edge",
  "152": "biomesoplenty:mystic_grove",
  "153": "biomesoplenty:mystic_plains",
  "154": "biomesoplenty:ominous_woods",
  "155": "minecraft:tall_birch_forest",
  "156": "minecraft:tall_birch_hills",
  "157": "minecraft:dark_forest_hills",
  "158": "minecraft:snowy_taiga_mountains",
  "159": "biomesoplenty:ominous_mire",
  "160": "minecraft:giant_spruce_taiga",
  "161": "minecraft:giant_spruce_taiga_hills",
  "162": "minecraft:modified_gravelly_mountains",
  "163": "minecraft:shattered_savanna",
  "164": "minecraft:shattered_savanna_plateau",
  "165": "minecraft:eroded_badlands",
  "166": "minecraft:modified_wooded_badlands_plateau",
  "167": "minecraft:modified_badlands_plateau",
  "168": "minecraft:bamboo_jungle",
  "169": "minecraft:bamboo_jungle_hills",
  "170": "minecraft:soul_sand_valley",
  "171": "minecraft:crimson_forest",
  "172": "minecraft:warped_forest",
  "173": "minecraft:basalt_deltas",
  "174": "biomesoplenty:origin_valley",
  "175": "biomesoplenty:prairie",
  "176": "biomesoplenty:rainbow_hills",
  "177": "biomesoplenty:rainforest",
  "178": "biomesoplenty:rainforest_cliffs",
  "179": "biomesoplenty:rainforest_floodplain",
  "180": "biomesoplenty:redwood_forest",
  "181": "biomesoplenty:redwood_hills",
  "182": "biomesoplenty:scrubland",
  "183": "biomesoplenty:seasonal_forest",
  "184": "biomesoplenty:seasonal_orchard",
  "185": "biomesoplenty:seasonal_pumpkin_patch",
  "186": "biomesoplenty:shroomy_wetland",
  "187": "biomesoplenty:shrubland",
  "188": "biomesoplenty:shrubland_hills",
  "189": "biomesoplenty:snowy_coniferous_forest",
  "190": "biomesoplenty:snowy_maple_forest",
  "191": "biomesoplenty:snowy_fir_clearing",
  "192": "biomesoplenty:tall_dead_forest",
  "193": "biomesoplenty:tropics",
  "194": "biomesoplenty:tundra",
  "195": "biomesoplenty:tundra_basin",
  "196": "biomesoplenty:tundra_bog",
  "197": "biomesoplenty:volcano",
  "198": "biomesoplenty:wasteland",
  "199": "biomesoplenty:wetland",
  "200": "biomesoplenty:wetland_forest",
  "201": "biomesoplenty:wooded_scrubland",
  "202": "biomesoplenty:woodland",
  "203": "biomesoplenty:crystalline_chasm",
  "204": "biomesoplenty:undergrowth",
  "205": "biomesoplenty:visceral_heap",
  "206": "biomesoplenty:withered_abyss",
  "207": "integrateddynamics:meneglin",
  "208": "terraforged:bryce",
  "209": "terraforged:cold_steppe",
  "210": "terraforged:cold_marshland",
  "211": "terraforged:fir_forest",
  "212": "terraforged:flower_plains",
  "213": "terraforged:frozen_lake",
  "214": "terraforged:frozen_marsh",
  "215": "terraforged:lake",
  "216": "terraforged:marshland",
  "217": "terraforged:savanna_scrub",
  "218": "terraforged:shattered_savanna_scrub",
  "219": "terraforged:snowy_fir_forest",
  "220": "terraforged:snowy_taiga_scrub",
  "221": "terraforged:steppe",
  "222": "terraforged:stone_forest",
  "223": "terraforged:taiga_scrub",
  "224": "terraforged:warm_beach",
  "225": "projectvibrantjourneys:overgrown_spires",
  "226": "projectvibrantjourneys:verdant_sands",
  "227": "projectvibrantjourneys:redwoods",
  "228": "projectvibrantjourneys:redwood_peaks",
  "229": "projectvibrantjourneys:snowy_redwoods",
  "230": "projectvibrantjourneys:boreal_forest",
  "231": "projectvibrantjourneys:snowy_boreal_forest",
  "232": "projectvibrantjourneys:alpine_heights",
  "233": "projectvibrantjourneys:pine_meadows",
  "234": "projectvibrantjourneys:boreal_plateau",
  "235": "projectvibrantjourneys:aspen_grove",
  "236": "projectvibrantjourneys:aspen_grove_hills",
  "237": "projectvibrantjourneys:mangrove_marsh",
  "238": "projectvibrantjourneys:willow_wetlands",
  "239": "projectvibrantjourneys:baobab_fields",
  "240": "projectvibrantjourneys:prairie",
  "241": "projectvibrantjourneys:blossoming_fields",
  "242": "projectvibrantjourneys:autumnal_coniferous_forest",
  "243": "projectvibrantjourneys:gravel_shore",
  "244": "projectvibrantjourneys:crimson_thicket",
  "245": "projectvibrantjourneys:desert_shrubland",
  "246": "projectvibrantjourneys:red_rock_valley",
  "247": "projectvibrantjourneys:tropical_beach",
  "248": "projectvibrantjourneys:crystal_lakes",
  "249": "projectvibrantjourneys:windswept_cliffs",
  "250": "projectvibrantjourneys:meadows",
  "251": "projectvibrantjourneys:flooded_woodlands",
  "252": "projectvibrantjourneys:stony_fields",
  "253": "projectvibrantjourneys:windswept_shore",
  "254": "appliedenergistics2:spatial_storage",
  "255": "atmospheric:rainforest",
  "256": "atmospheric:rainforest_mountains",
  "257": "atmospheric:rainforest_plateau",
  "258": "atmospheric:sparse_rainforest_plateau",
  "259": "atmospheric:rainforest_basin",
  "260": "atmospheric:sparse_rainforest_basin",
  "261": "atmospheric:dunes",
  "262": "atmospheric:dunes_hills",
  "263": "atmospheric:flourishing_dunes",
  "264": "atmospheric:rocky_dunes",
  "265": "atmospheric:rocky_dunes_hills",
  "266": "atmospheric:petrified_dunes",
  "267": "atmospheric:hot_springs"
}