{"stats":{"minecraft:dropped":{"chisel:iron_chisel":1,"tconstruct:scorched_fuel_tank":1,"appliedenergistics2:crafting_accelerator":1,"immersiveengineering:treated_wood_horizontal":160,"metalbarrels:netherite_barrel":1,"constructionwand:infinity_wand":1,"tconstruct:scorched_fuel_gauge":1,"minecraft:obsidian":1,"appliedenergistics2:64k_crafting_storage":1,"tconstruct:seared_fuel_tank":4,"tconstruct:seared_ingot_tank":1,"betternether:jellyfish_mushroom_sapling":1,"miniutilities:experience_pearl":12,"appliedenergistics2:pattern_terminal":1,"appliedenergistics2:crafting_terminal":1,"tconstruct:scorched_ingot_tank":1},"minecraft:used":{"pipez:fluid_pipe":32,"appliedenergistics2:creative_energy_cell":1,"betterendforge:spawn_egg_end_slime":1,"thermal:machine_crucible":1,"appliedenergistics2:fluix_smart_cable":3,"appliedenergistics2:drive":1,"custommachinery:custom_machine_item":13,"minecraft:flint_and_steel":1,"extendedcrafting:recipe_maker":3,"tconstruct:seared_table":1,"constructionwand:infinity_wand":11,"appliedenergistics2:interface":1,"betternether:spawn_egg_hydrogen_jellyfish":1,"tconstruct:scorched_fuel_gauge":1,"extendedcrafting:compressor":1,"tconstruct:seared_ingot_tank":3,"mekanism:basic_fluid_tank":24,"tconstruct:seared_faucet":1,"mekanism:energized_smelter":1,"tconstruct:ender_slime_spawn_egg":7,"appliedenergistics2:64k_crafting_storage":1,"mekanism:chemical_crystallizer":4,"mekanism:rotary_condensentrator":6,"tconstruct:scorched_ingot_tank":1,"rftoolsbase:machine_infuser":1,"tconstruct:seared_fuel_tank":10,"thermal:fluid_cell":2,"minecraft:anvil":1,"mekanismmatter:matter_synthesizer":1,"tconstruct:seared_melter":1,"mekanism:ultimate_energy_cube":20,"mekanism:creative_fluid_tank":3,"tconstruct:scorched_fuel_tank":1,"minecraft:crafting_table":2,"metalbarrels:netherite_barrel":2,"minecraft:smithing_table":1,"appliedenergistics2:crafting_accelerator":1,"mekanismmatter:arc_furnace":1,"mekanismmatter:mass_fabricator":3,"tiab:timeinabottle":17,"rftoolsutility:tank":1,"mekanism:creative_energy_cube":3,"enderstorage:ender_tank":1,"minecraft:obsidian":87,"extendedcrafting:ultimate_table":1,"appliedenergistics2:controller":1},"minecraft:crafted":{"mekanism:block_charcoal":1,"chisel:charcoal/raw":1,"immersiveengineering:treated_wood_horizontal":200,"morecharcoal:charcoal_block":3,"metalbarrels:netherite_barrel":1,"minecraft:air":73},"minecraft:custom":{"minecraft:time_since_rest":4139872,"minecraft:interact_with_smithing_table":7,"minecraft:damage_taken":220,"minecraft:walk_one_cm":73493,"minecraft:interact_with_anvil":3,"minecraft:mob_kills":1,"minecraft:drop":33,"minecraft:use_wand":68,"minecraft:damage_dealt":30,"minecraft:interact_with_crafting_table":43,"minecraft:fly_one_cm":16034,"minecraft:open_barrel":1,"minecraft:play_one_minute":4139872,"minecraft:crouch_one_cm":855,"minecraft:sneak_time":3443,"minecraft:items_inserted":128,"minecraft:jump":103,"minecraft:leave_game":15,"minecraft:time_since_death":4139872},"minecraft:killed":{"betternether:hydrogen_jellyfish":1},"minecraft:picked_up":{"mekanismmatter:universal_matter":64,"rftoolsutility:tank":2,"pipez:ultimate_upgrade":12,"enderstorage:ender_tank":1,"mekanismmatter:carbon_rod":3,"miniutilities:experience_pearl":19},"minecraft:mined":{"rftoolsutility:tank":1,"enderstorage:ender_tank":1}},"DataVersion":2586}