{"stats":{"minecraft:picked_up":{"mekanismmatter:universal_matter":64,"pipez:ultimate_upgrade":12,"mekanismmatter:carbon_rod":3,"miniutilities:experience_pearl":15},"minecraft:dropped":{"appliedenergistics2:crafting_accelerator":1,"metalbarrels:netherite_barrel":1,"constructionwand:infinity_wand":1,"minecraft:obsidian":1,"appliedenergistics2:64k_crafting_storage":1,"betternether:jellyfish_mushroom_sapling":1,"miniutilities:experience_pearl":11,"appliedenergistics2:pattern_terminal":1,"appliedenergistics2:crafting_terminal":1},"minecraft:used":{"pipez:fluid_pipe":32,"appliedenergistics2:creative_energy_cell":1,"appliedenergistics2:fluix_smart_cable":3,"thermal:machine_crucible":1,"appliedenergistics2:drive":1,"custommachinery:custom_machine_item":13,"minecraft:flint_and_steel":1,"tconstruct:seared_table":1,"constructionwand:infinity_wand":11,"appliedenergistics2:interface":1,"betternether:spawn_egg_hydrogen_jellyfish":1,"mekanism:basic_fluid_tank":24,"tconstruct:seared_faucet":1,"mekanism:energized_smelter":1,"appliedenergistics2:64k_crafting_storage":1,"mekanism:chemical_crystallizer":4,"mekanism:rotary_condensentrator":6,"tconstruct:seared_fuel_tank":2,"rftoolsbase:machine_infuser":1,"minecraft:anvil":1,"mekanismmatter:matter_synthesizer":1,"tconstruct:seared_melter":1,"mekanism:ultimate_energy_cube":20,"minecraft:crafting_table":2,"metalbarrels:netherite_barrel":2,"minecraft:smithing_table":1,"mekanism:creative_fluid_tank":3,"appliedenergistics2:crafting_accelerator":1,"mekanismmatter:arc_furnace":1,"mekanismmatter:mass_fabricator":3,"tiab:timeinabottle":17,"mekanism:creative_energy_cube":2,"minecraft:obsidian":87,"appliedenergistics2:controller":1},"minecraft:crafted":{"mekanism:block_charcoal":1,"chisel:charcoal/raw":1,"morecharcoal:charcoal_block":3,"metalbarrels:netherite_barrel":1,"minecraft:air":9},"minecraft:killed":{"betternether:hydrogen_jellyfish":1},"minecraft:custom":{"minecraft:time_since_rest":2726117,"minecraft:interact_with_smithing_table":7,"minecraft:damage_taken":40,"minecraft:walk_one_cm":61211,"minecraft:interact_with_anvil":3,"minecraft:mob_kills":1,"minecraft:drop":19,"minecraft:use_wand":68,"minecraft:damage_dealt":30,"minecraft:interact_with_crafting_table":12,"minecraft:fly_one_cm":15386,"minecraft:open_barrel":1,"minecraft:crouch_one_cm":855,"minecraft:play_one_minute":2726117,"minecraft:sneak_time":3404,"minecraft:items_inserted":128,"minecraft:jump":94,"minecraft:leave_game":7,"minecraft:time_since_death":2726117}},"DataVersion":2586}